note_id,subject,chapter,title,content,time_spent_seconds,revisit_count
N001,Indian Polity,1. Making of the Constitution,Constituent Assembly Formation,The Constituent Assembly was formed under the Cabinet Mission Plan of 1946. It was not directly elected by the people but by members of the Provincial Legislative Assemblies.,378,9
N002,Indian Polity,1. Making of the Constitution,First Meeting of the Assembly,The first meeting of the Constituent Assembly was held on 9 December 1946. Dr. Sachchidananda Sinha was elected as the temporary/interim President.,82,1
N003,Indian Polity,1. Making of the Constitution,Permanent President,Dr. Rajendra Prasad was elected as the permanent President of the Constituent Assembly on 11 December 1946.,100,2
N004,Indian Polity,1. Making of the Constitution,Drafting Committee,The Drafting Committee was formed on 29 August 1947 with Dr. B.R. Ambedkar as its Chairman. It had 7 members in total.,86,2
N005,Indian Polity,1. Making of the Constitution,Constitutional Advisor,B.N. Rau served as the Constitutional Advisor to the Constituent Assembly and prepared the original draft before the Drafting Committee's work.,78,1
N006,Indian Polity,1. Making of the Constitution,Adoption Date,The Constitution of India was adopted by the Constituent Assembly on 26 November 1949. This day is now celebrated as Constitution Day (Samvidhan Divas).,200,5
N007,Indian Polity,1. Making of the Constitution,Commencement Date,"The Constitution came into force on 26 January 1950, a date chosen to commemorate the 1930 declaration of Purna Swaraj. This day is celebrated as Republic Day.",372,6
N008,Indian Polity,1. Making of the Constitution,Time Taken to Draft,"The Constituent Assembly took 2 years, 11 months, and 18 days to complete the drafting of the Constitution.",36,1
N009,Indian Polity,1. Making of the Constitution,Original Structure,"The original Constitution had 395 Articles, 22 Parts, and 8 Schedules. It has since been amended many times and now has 12 Schedules.",48,1
N010,Indian Polity,1. Making of the Constitution,Borrowed Features,"India's Constitution borrowed features from various countries: Parliamentary system from the UK, Fundamental Rights from the USA, Directive Principles from Ireland, and federal structure from Canada.",134,2
N011,Indian Polity,2. Preamble,Preamble Overview,"The Preamble declares India to be a Sovereign, Socialist, Secular, Democratic Republic, securing Justice, Liberty, Equality, and Fraternity to all citizens.",216,6
N012,Indian Polity,2. Preamble,42nd Amendment Changes,"The words 'Socialist' and 'Secular' were added to the Preamble by the 42nd Constitutional Amendment Act of 1976, along with 'Integrity' after 'Unity'.",235,5
N013,Indian Polity,2. Preamble,Source of Authority,"The Preamble begins with 'We, the people of India', indicating that the ultimate source of authority for the Constitution is the people of India themselves.",711,9
N014,Indian Polity,2. Preamble,Objectives Resolution,The Preamble is based on the 'Objectives Resolution' drafted and moved by Jawaharlal Nehru in the Constituent Assembly on 13 December 1946.,305,5
N015,Indian Polity,2. Preamble,Berubari Case 1960,"In the Berubari Union case (1960), the Supreme Court held that the Preamble is not a part of the Constitution and is therefore not enforceable in a court of law.",126,2
N016,Indian Polity,2. Preamble,Kesavananda Bharati Case 1973,"In the Kesavananda Bharati case (1973), the Supreme Court reversed its earlier stand and held that the Preamble IS a part of the Constitution, though it can be amended, subject to the 'basic structure' doctrine.",312,6
N017,Indian Polity,2. Preamble,Four Ideals in Preamble,"The Preamble mentions four ideals: Justice (social, economic, political), Liberty (of thought, expression, belief, faith, worship), Equality (of status and opportunity), and Fraternity (assuring dignity of the individual and unity of the nation).",83,1
N018,Indian Polity,2. Preamble,Republic Meaning,"The term 'Republic' in the Preamble indicates that the head of the state (the President) is elected, directly or indirectly, for a fixed term, rather than being a hereditary monarch.",158,2
N019,Indian Polity,3. Fundamental Rights,Overview and Location,"Fundamental Rights are enshrined in Part III of the Constitution, covering Articles 12 to 35. They are often called the 'Magna Carta' of India.",168,3
N020,Indian Polity,3. Fundamental Rights,Six Categories,"There are currently six Fundamental Rights: Right to Equality, Right to Freedom, Right against Exploitation, Right to Freedom of Religion, Cultural and Educational Rights, and Right to Constitutional Remedies.",88,2
N021,Indian Polity,3. Fundamental Rights,Right to Property Removed,The Right to Property was originally a Fundamental Right (Article 31) but was removed by the 44th Constitutional Amendment Act of 1978. It now exists only as a legal right under Article 300A.,166,2
N022,Indian Polity,3. Fundamental Rights,Right to Equality Articles,"The Right to Equality is covered under Articles 14 to 18, including equality before law, prohibition of discrimination, equality of opportunity in public employment, and abolition of untouchability and titles.",123,3
N023,Indian Polity,3. Fundamental Rights,Article 17 - Untouchability,Article 17 abolishes 'untouchability' in any form and forbids its practice. Enforcement of any disability arising from untouchability is a punishable offence.,59,1
N024,Indian Polity,3. Fundamental Rights,Right to Freedom - Article 19,"Article 19 guarantees six freedoms to citizens: freedom of speech and expression, assembly, association, movement, residence, and profession/occupation.",57,1
N025,Indian Polity,3. Fundamental Rights,Article 21 - Right to Life,"Article 21 guarantees the Right to Life and Personal Liberty, stating that no person shall be deprived of his life or personal liberty except according to procedure established by law.",219,3
N026,Indian Polity,3. Fundamental Rights,Right against Exploitation,"Articles 23-24 form the Right against Exploitation. Article 23 prohibits traffic in human beings and forced labour. Article 24 prohibits employment of children below 14 years in factories, mines, or hazardous work.",172,2
N027,Indian Polity,3. Fundamental Rights,Right to Constitutional Remedies,Article 32 gives citizens the right to directly approach the Supreme Court for enforcement of Fundamental Rights. Dr. B.R. Ambedkar called it the 'heart and soul' of the Constitution.,81,1
N028,Indian Polity,3. Fundamental Rights,Five Writs,"Under Article 32 and Article 226, courts can issue five types of writs: Habeas Corpus, Mandamus, Prohibition, Certiorari, and Quo Warranto.",276,4
N029,Indian Polity,3. Fundamental Rights,Cultural and Educational Rights,"Articles 29-30 protect the interests of minorities, giving them the right to conserve their distinct language, script, or culture, and the right to establish and administer educational institutions.",59,1
N030,Indian Polity,4. Directive Principles,Overview and Location,"The Directive Principles of State Policy are contained in Part IV of the Constitution, covering Articles 36 to 51. They were borrowed from the Irish Constitution.",70,1
N031,Indian Polity,4. Directive Principles,Non-Justiciable Nature,"Directive Principles are non-justiciable, meaning they cannot be enforced by any court. However, they are declared to be 'fundamental in the governance of the country'.",176,2
N032,Indian Polity,4. Directive Principles,Classification,"DPSPs are broadly classified into three categories: Socialist principles, Gandhian principles, and Liberal-Intellectual principles.",666,9
N033,Indian Polity,4. Directive Principles,Article 39 - Equal Pay,"Article 39 directs the State to ensure equal pay for equal work for both men and women, and equitable distribution of material resources for the common good.",213,3
N034,Indian Polity,4. Directive Principles,Article 40 - Village Panchayats,Article 40 directs the State to take steps to organize village panchayats and endow them with powers to function as units of self-government (a Gandhian principle).,160,2
N035,Indian Polity,4. Directive Principles,Article 44 - Uniform Civil Code,Article 44 directs the State to secure for citizens a Uniform Civil Code throughout the territory of India.,37,1
N036,Indian Polity,4. Directive Principles,Article 45 - Education for Children,"Article 45 originally directed the State to provide free and compulsory education for children until age 14. This has since been strengthened by the 86th Amendment, which added Article 21A as a Fundamental Right.",441,9
N037,Indian Polity,4. Directive Principles,Article 48 - Agriculture and Cattle,"Article 48 directs the State to organize agriculture and animal husbandry on modern scientific lines and to take steps for preserving and improving breeds, prohibiting slaughter of cows, calves, and other milch/draught cattle.",80,2
N038,Indian Polity,4. Directive Principles,Article 51 - International Peace,"Article 51 directs the State to promote international peace and security, and to maintain just and honourable relations between nations.",180,2
N039,Indian Polity,5. Union Executive,President - Head of State,"The President of India is the head of state under Article 52, and formally the head of the Executive, though real executive power lies with the Council of Ministers.",59,1
N040,Indian Polity,5. Union Executive,Presidential Election,The President is elected by an electoral college consisting of elected members of both Houses of Parliament and elected members of the Legislative Assemblies of States (and UTs of Delhi and Puducherry).,128,2
N041,Indian Polity,5. Union Executive,Term of President,"Under Article 56, the President holds office for a term of 5 years from the date on which he/she enters upon the office, and is eligible for re-election.",792,9
N042,Indian Polity,5. Union Executive,Vice President Role,The Vice President is the ex-officio Chairman of the Rajya Sabha (Article 64) and acts as President when there is a vacancy in that office.,135,3
N043,Indian Polity,5. Union Executive,Prime Minister,"The Prime Minister is the real head of the executive, appointed by the President, usually the leader of the majority party in the Lok Sabha.",171,3
N044,Indian Polity,5. Union Executive,Council of Ministers,"Under Article 75, the Council of Ministers, headed by the Prime Minister, is collectively responsible to the Lok Sabha.",154,2
N045,Indian Polity,5. Union Executive,Attorney General,"Under Article 76, the Attorney General of India is the highest law officer of the country, appointed by the President.",158,2
N046,Indian Polity,5. Union Executive,Pardoning Power,"Article 72 gives the President the power to grant pardons, reprieves, respites, or remissions of punishment, including in cases involving death sentences.",684,9
N047,Indian Polity,6. State Executive,Governor - Head of State,"Under Article 153, there shall be a Governor for each state, who acts as the head of the state executive.",73,1
N048,Indian Polity,6. State Executive,Appointment of Governor,"The Governor is appointed by the President under Article 155, and holds office during the pleasure of the President (Article 156), usually for a term of 5 years.",405,9
N049,Indian Polity,6. State Executive,Chief Minister,"The Chief Minister is appointed by the Governor, and is usually the leader of the majority party or coalition in the state Legislative Assembly.",405,5
N050,Indian Polity,6. State Executive,State Council of Ministers,"The Council of Ministers, headed by the Chief Minister, is collectively responsible to the state Legislative Assembly.",90,2
N051,Indian Polity,6. State Executive,Advocate General,"Under Article 165, the Advocate General is the chief law officer of a state, appointed by the Governor.",236,4
N052,Indian Polity,6. State Executive,Reserving Bills for President,"Under Article 200, the Governor may reserve certain bills passed by the state legislature for the consideration of the President.",150,2
